plain,distinct_ciphertexts,collision_buckets,max_bucket,unique_buckets
00000000,240,224,12,16
00000001,238,222,12,16
00000010,239,223,10,16
00000011,239,223,12,16
00000100,239,223,10,16
00000101,239,223,12,16
00000110,240,224,12,16
00000111,238,222,12,16
00001000,240,224,12,16
00001001,238,222,12,16
00001010,239,223,10,16
00001011,239,223,12,16
00001100,239,223,10,16
00001101,239,223,12,16
00001110,240,224,12,16
00001111,238,222,12,16
00010000,240,224,12,16
00010001,238,222,12,16
00010010,239,223,10,16
00010011,239,223,12,16
00010100,239,223,10,16
00010101,239,223,12,16
00010110,240,224,12,16
00010111,238,222,12,16
00011000,240,224,12,16
00011001,238,222,12,16
00011010,239,223,10,16
00011011,239,223,12,16
00011100,239,223,10,16
00011101,239,223,12,16
00011110,240,224,12,16
00011111,238,222,12,16
00100000,240,224,12,16
00100001,238,222,12,16
00100010,239,223,10,16
00100011,239,223,12,16
00100100,239,223,10,16
00100101,239,223,12,16
00100110,240,224,12,16
00100111,238,222,12,16
00101000,240,224,12,16
00101001,238,222,12,16
00101010,239,223,10,16
00101011,239,223,12,16
00101100,239,223,10,16
00101101,239,223,12,16
00101110,240,224,12,16
00101111,238,222,12,16
00110000,240,224,12,16
00110001,238,222,12,16
00110010,239,223,10,16
00110011,239,223,12,16
00110100,239,223,10,16
00110101,239,223,12,16
00110110,240,224,12,16
00110111,238,222,12,16
00111000,240,224,12,16
00111001,238,222,12,16
00111010,239,223,10,16
00111011,239,223,12,16
00111100,239,223,10,16
00111101,239,223,12,16
00111110,240,224,12,16
00111111,238,222,12,16
01000000,240,224,12,16
01000001,238,222,12,16
01000010,239,223,10,16
01000011,239,223,12,16
01000100,239,223,10,16
01000101,239,223,12,16
01000110,240,224,12,16
01000111,238,222,12,16
01001000,240,224,12,16
01001001,238,222,12,16
01001010,239,223,10,16
01001011,239,223,12,16
01001100,239,223,10,16
01001101,239,223,12,16
01001110,240,224,12,16
01001111,238,222,12,16
01010000,240,224,12,16
01010001,238,222,12,16
01010010,239,223,10,16
01010011,239,223,12,16
01010100,239,223,10,16
01010101,239,223,12,16
01010110,240,224,12,16
01010111,238,222,12,16
01011000,240,224,12,16
01011001,238,222,12,16
01011010,239,223,10,16
01011011,239,223,12,16
01011100,239,223,10,16
01011101,239,223,12,16
01011110,240,224,12,16
01011111,238,222,12,16
01100000,240,224,12,16
01100001,238,222,12,16
01100010,239,223,10,16
01100011,239,223,12,16
01100100,239,223,10,16
01100101,239,223,12,16
01100110,240,224,12,16
01100111,238,222,12,16
01101000,240,224,12,16
01101001,238,222,12,16
01101010,239,223,10,16
01101011,239,223,12,16
01101100,239,223,10,16
01101101,239,223,12,16
01101110,240,224,12,16
01101111,238,222,12,16
01110000,240,224,12,16
01110001,238,222,12,16
01110010,239,223,10,16
01110011,239,223,12,16
01110100,239,223,10,16
01110101,239,223,12,16
01110110,240,224,12,16
01110111,238,222,12,16
01111000,240,224,12,16
01111001,238,222,12,16
01111010,239,223,10,16
01111011,239,223,12,16
01111100,239,223,10,16
01111101,239,223,12,16
01111110,240,224,12,16
01111111,238,222,12,16
10000000,238,222,12,16
10000001,240,224,12,16
10000010,239,223,12,16
10000011,239,223,10,16
10000100,239,223,12,16
10000101,239,223,10,16
10000110,238,222,12,16
10000111,240,224,12,16
10001000,238,222,12,16
10001001,240,224,12,16
10001010,239,223,12,16
10001011,239,223,10,16
10001100,239,223,12,16
10001101,239,223,10,16
10001110,238,222,12,16
10001111,240,224,12,16
10010000,238,222,12,16
10010001,240,224,12,16
10010010,239,223,12,16
10010011,239,223,10,16
10010100,239,223,12,16
10010101,239,223,10,16
10010110,238,222,12,16
10010111,240,224,12,16
10011000,238,222,12,16
10011001,240,224,12,16
10011010,239,223,12,16
10011011,239,223,10,16
10011100,239,223,12,16
10011101,239,223,10,16
10011110,238,222,12,16
10011111,240,224,12,16
10100000,238,222,12,16
10100001,240,224,12,16
10100010,239,223,12,16
10100011,239,223,10,16
10100100,239,223,12,16
10100101,239,223,10,16
10100110,238,222,12,16
10100111,240,224,12,16
10101000,238,222,12,16
10101001,240,224,12,16
10101010,239,223,12,16
10101011,239,223,10,16
10101100,239,223,12,16
10101101,239,223,10,16
10101110,238,222,12,16
10101111,240,224,12,16
10110000,238,222,12,16
10110001,240,224,12,16
10110010,239,223,12,16
10110011,239,223,10,16
10110100,239,223,12,16
10110101,239,223,10,16
10110110,238,222,12,16
10110111,240,224,12,16
10111000,238,222,12,16
10111001,240,224,12,16
10111010,239,223,12,16
10111011,239,223,10,16
10111100,239,223,12,16
10111101,239,223,10,16
10111110,238,222,12,16
10111111,240,224,12,16
11000000,238,222,12,16
11000001,240,224,12,16
11000010,239,223,12,16
11000011,239,223,10,16
11000100,239,223,12,16
11000101,239,223,10,16
11000110,238,222,12,16
11000111,240,224,12,16
11001000,238,222,12,16
11001001,240,224,12,16
11001010,239,223,12,16
11001011,239,223,10,16
11001100,239,223,12,16
11001101,239,223,10,16
11001110,238,222,12,16
11001111,240,224,12,16
11010000,238,222,12,16
11010001,240,224,12,16
11010010,239,223,12,16
11010011,239,223,10,16
11010100,239,223,12,16
11010101,239,223,10,16
11010110,238,222,12,16
11010111,240,224,12,16
11011000,238,222,12,16
11011001,240,224,12,16
11011010,239,223,12,16
11011011,239,223,10,16
11011100,239,223,12,16
11011101,239,223,10,16
11011110,238,222,12,16
11011111,240,224,12,16
11100000,238,222,12,16
11100001,240,224,12,16
11100010,239,223,12,16
11100011,239,223,10,16
11100100,239,223,12,16
11100101,239,223,10,16
11100110,238,222,12,16
11100111,240,224,12,16
11101000,238,222,12,16
11101001,240,224,12,16
11101010,239,223,12,16
11101011,239,223,10,16
11101100,239,223,12,16
11101101,239,223,10,16
11101110,238,222,12,16
11101111,240,224,12,16
11110000,238,222,12,16
11110001,240,224,12,16
11110010,239,223,12,16
11110011,239,223,10,16
11110100,239,223,12,16
11110101,239,223,10,16
11110110,238,222,12,16
11110111,240,224,12,16
11111000,238,222,12,16
11111001,240,224,12,16
11111010,239,223,12,16
11111011,239,223,10,16
11111100,239,223,12,16
11111101,239,223,10,16
11111110,238,222,12,16
11111111,240,224,12,16
