pt,key,ct
11111101,0010100110,01000011
10010010,1001001111,00101100
01100100,0111011101,11000100
00010000,0011011100,00010111
00000101,0111100001,11001011
00111011,0010100100,11100111
10000011,1110110001,00100010
11011010,1011110010,00110001
01101111,0000001011,11011000
00101011,0101001110,01010001
11111111,0100010010,10110111
01101100,0100000110,01011010
01010101,1110101001,01011110
00011110,0000111011,00111001
00110001,1101111101,00011101
00100000,0101110110,10100010
10001011,0011111100,10111101
11000110,1111100000,01101000
01110100,0101000101,10101100
10110110,0111010000,00100110
00010011,1111110111,01011100
00000000,0111110100,10010010
01101011,0011001000,10001010
00111111,0001010010,00110001
11010010,1111111000,00101001
01010110,0001010010,00110010
11011010,1011001111,00111110
00111011,1010100101,11000100
00010011,1001110111,01010100
10010110,1111011100,00111101
01011110,1111111010,01010100
01001110,0001011101,10100001
01000010,0011100100,01101110
11101101,0001000100,10110011
00110110,1111110011,10000001
01110101,1111011101,10000100
10011010,0100100001,10000111
00100100,0010010100,11011001
00100001,1110001110,00110000
00111010,1110111011,00001010
01011010,0110111101,00101111
10000010,0011010111,10110010
00100110,1101010001,11110111
01011101,0000101110,10100110
11001110,0000010000,11000101
11101010,0011011100,11001011
10111110,0011101011,11100101
11110001,0010000100,00011101
11011101,0101011011,10101111
10100101,1111101110,00000111
01110100,0010011001,11100100
11010011,1111100101,01110011
11101000,1011011111,00101001
00011011,1001010010,01011110
11010100,0010000011,01110101
01101011,1110001111,10101000
00101101,0010101011,00111101
11001111,1001000111,00101011
11110011,1101110100,00011111
00111010,1110001011,10100010
01000101,1111011101,01110011
00000111,1111110100,11100011
00000011,1110100100,01101101
01001110,1110000010,10010010
11011010,1011011001,00100110
00110010,0101000011,11000110
10011101,0000011000,01100100
11010101,0001001110,00101101
11011100,0000111111,00111001
10001000,1001000000,11101010
11101010,0111110000,01010111
00111001,0100100010,10011000
11001100,0010001010,10010011
01011011,1101110011,00100011
10111011,0000110011,11001111
10001010,1111100000,11010011
01101100,1101001001,01100000
00100000,1011000001,10010111
01010011,1101100110,01001001
01101110,1101101010,10010010
11110001,0100010000,10010101
01110100,1001000001,10110100
11111001,0011000100,01010100
10000101,1101100001,10110011
10011111,0010011100,11010010
11010101,1000011000,01111100
11001000,0000111111,11111111
01010010,1000101000,11001001
01001010,0100100010,10101001
01110110,0101011001,00001111
11101111,1000011101,10011110
01111010,1111000110,01011111
01111101,0111001001,10011100
11011011,1100001001,00110000
00111110,0000000010,10101111
11101101,0011100011,11001111
11100110,0100111011,01100101
00101010,1010000100,01011110
11001011,0000000000,01001010
00010110,0110100110,10111010
01110111,0010011011,01111000
01100101,0100110010,11100101
10111010,1110000001,11010010
01000110,0101110011,11001101
11001100,0000000000,10101101
00000100,0110011110,11000111
01111100,0001001011,01111001
00111011,1100000011,10111100
00011110,1101100001,11010010
01111110,0111001000,10110100
00111000,1110000100,00100100
01000010,1001010110,01110111
11001101,1011101101,00000100
10111111,0110001000,00011010
11011110,0100101101,10000001
01111111,1010111011,01000110
11011100,0111011110,11011010
01101110,0000111001,00111000
10011100,0000110100,01010110
01101010,0000010001,01001111
01110101,0110100001,10110010
11010011,0111000110,10010010
10010101,0111010101,01001110
00100010,0011111001,01101001
01000100,0000111111,00110010
10101010,0011011010,11110101
11110001,1100010111,10101111
11101111,0010000100,11001010
11111111,0010111000,10001111
11111101,1001000101,00101001
01011010,1000101101,00100110
00111010,1011100011,11000010
00100011,0100000101,01001110
00000001,1110010110,01100001
00000011,0011001000,10101010
11001000,0011011111,00010101
10011101,0100111000,11000100
00100111,1111110001,11101011
00101000,1000010101,11110111
01111110,1100010111,01111000
00100110,1011000000,10010110
00001100,0101000001,01011000
11001011,1110011001,11111110
10010110,1010111011,10001111
10010101,0100010111,10110000
00100001,1001000111,00111111
00111110,1010010100,00111101
00000110,0110000001,10001001
00110001,0111011010,10111111
00101001,0100000011,01110110
11100011,0001000011,10000001
10100101,1010010011,11100110
00100111,0111110100,10111101
11011010,1010101101,10101000
10110110,0111000001,11001010
10101111,1100110001,11001101
10011000,0100111001,10011001
00000110,1011001100,11011101
11000101,0101111110,01101011
00111110,0000101111,00111001
11101010,1101011111,00111000
11100111,0101010110,00100000
11110001,0100101011,11001111
00111110,1001111100,11010101
11101001,1000110001,11000011
01000110,1110100101,10000000
10100011,0010101110,00110111
00100110,0100000010,01001010
01100110,1000100110,01111001
00011000,1010101111,00110101
00010000,1001011101,11010010
11000100,0000111101,01100100
10100101,0100011101,10000000
00010000,0000011000,11110000
00000011,0110111110,11010100
00000011,0110010001,01100110
01101001,1000000101,10000101
00111111,0010010101,10001011
00011110,0100100111,01000011
11000010,0100001010,10100001
01010100,0011110000,10001101
10000010,0101001010,10100001
00111011,1010101111,00010010
01101110,0011110010,11010010
11000101,1111000110,10001001
01100101,0111100010,01001110
01100011,0001100100,00001001
11000101,0000000010,11101110
00110100,0010001101,01110000
00111101,1000011010,11011110
10110100,1010110111,10010101
10111011,1001110000,01000100
11000111,1110000100,01011010
00000101,0111010101,11100011
01001111,1111111110,00001110
01010000,1000000010,10001110
10001011,0111000000,01000100
00110010,0010000010,00011110
10010000,1100110011,00110101
11111000,1000001101,11000001
